2026-05-30_22-48-04,0,main.go:2026-05-30_22-48-04;queue.go:2026-05-30_22-48-04
2026-05-30_22-52-47,0,main.go:2026-05-30_22-52-47;queue.go:2026-05-30_22-48-04
2026-05-30_22-53-04,0,main.go:2026-05-30_22-53-04;queue.go:2026-05-30_22-48-04
2026-05-30_22-53-20,0,main.go:2026-05-30_22-53-20;queue.go:2026-05-30_22-48-04
2026-05-30_22-53-33,0,main.go:2026-05-30_22-53-33;queue.go:2026-05-30_22-48-04
2026-05-30_22-54-06,0,main.go:2026-05-30_22-54-06;queue.go:2026-05-30_22-48-04
2026-05-30_22-56-01,0,main.go:2026-05-30_22-54-06;queue.go:2026-05-30_22-56-01
2026-05-30_23-19-45,0,main.go:2026-05-30_23-19-45;queue.go:2026-05-30_22-56-01
2026-05-30_23-20-53,0,main.go:2026-05-30_23-20-53;queue.go:2026-05-30_22-56-01
2026-05-30_23-24-06,0,main.go:2026-05-30_23-24-06;queue.go:2026-05-30_22-56-01
2026-05-30_23-24-25,0,main.go:2026-05-30_23-24-06;queue.go:2026-05-30_23-24-25
2026-05-30_23-24-41,0,queue.go:2026-05-30_23-24-25;main.go:2026-05-30_23-24-41
2026-05-30_23-24-43,0,queue.go:2026-05-30_23-24-25;main.go:2026-05-30_23-24-41
2026-05-30_23-25-37,100,queue.go:2026-05-30_23-25-37;main.go:2026-05-30_23-24-41
