2026-04-23_19-10-01,0,main.go:2026-04-23_19-10-01
2026-04-23_19-10-30,0,main.go:2026-04-23_19-10-30
2026-04-23_19-41-04,0,main.go:2026-04-23_19-41-04
2026-04-23_19-41-08,0,main.go:2026-04-23_19-41-04
2026-04-23_19-43-05,0,main.go:2026-04-23_19-43-05
2026-04-23_19-43-13,0,main.go:2026-04-23_19-43-13
2026-04-23_20-07-18,0,main.go:2026-04-23_20-07-18
2026-04-23_20-10-14,0,main.go:2026-04-23_20-10-14
2026-04-23_20-11-02,0,main.go:2026-04-23_20-11-02
2026-04-23_20-11-53,0,main.go:2026-04-23_20-11-53
2026-04-23_20-13-20,0,main.go:2026-04-23_20-13-20
2026-04-23_20-13-28,0,main.go:2026-04-23_20-13-28
2026-04-23_20-16-35,0,main.go:2026-04-23_20-16-35
2026-04-23_20-18-54,33,main.go:2026-04-23_20-18-54
2026-04-23_20-25-54,0,main.go:2026-04-23_20-25-54
2026-04-23_20-25-56,0,main.go:2026-04-23_20-25-54
2026-04-23_20-27-29,0,main.go:2026-04-23_20-27-29
2026-04-23_20-28-06,0,main.go:2026-04-23_20-28-06
2026-04-23_20-28-07,0,main.go:2026-04-23_20-28-06
2026-04-23_20-31-40,33,main.go:2026-04-23_20-31-40
2026-04-23_20-32-36,33,main.go:2026-04-23_20-32-36
2026-04-23_20-33-03,66,main.go:2026-04-23_20-33-03
2026-04-23_20-37-02,100,main.go:2026-04-23_20-37-02
