2026-04-18_21-21-23,0,main.go:2026-04-18_21-21-23
2026-04-18_21-26-24,0,main.go:2026-04-18_21-26-24
2026-04-18_21-29-48,0,main.go:2026-04-18_21-29-48
2026-04-18_21-32-03,0,main.go:2026-04-18_21-32-03
2026-04-18_21-37-56,0,main.go:2026-04-18_21-37-56
2026-04-18_21-38-12,0,main.go:2026-04-18_21-38-12
2026-04-18_21-38-32,18,main.go:2026-04-18_21-38-32
2026-04-18_21-40-48,0,main.go:2026-04-18_21-40-48
2026-04-18_21-41-20,18,main.go:2026-04-18_21-41-20
2026-04-18_21-44-45,18,main.go:2026-04-18_21-44-45
